,crime_name,crime_type,police_station_loc,poclice_station_name,address_code,state,city,town,date,time,area,gender,age,cash_only,latitude,longitude
0,窃盗,ひったくり,西,松島交番,271063,大阪府,大阪市西区,九条１丁目,2018-04-28,4,道路上,女性,40歳代,あり,34.6745907,135.47552180000002
1,窃盗,ひったくり,西,靱交番,271063,大阪府,大阪市西区,阿波座１丁目,2018-05-12,2,道路上,女性,60-64歳,あり,34.6807956,135.4950763
2,窃盗,ひったくり,西,靱交番,271063,大阪府,大阪市西区,阿波座２丁目,2018-05-12,3,道路上,女性,20歳代,なし,34.680483,135.4915383
3,窃盗,ひったくり,西,靱交番,271063,大阪府,大阪市西区,西本町２丁目,2018-05-25,1,道路上,女性,20歳代,あり,34.6818797,135.4906381
4,窃盗,ひったくり,西,堀江交番,271063,大阪府,大阪市西区,南堀江１丁目,2018-09-16,1,道路上,男性,20歳代,あり,34.6709013,135.49443119999998
5,窃盗,ひったくり,西,九条交番,271063,大阪府,大阪市西区,九条南２丁目,2018-10-28,22,道路上,女性,70歳以上,あり,34.6724294,135.4724087
6,窃盗,ひったくり,西,立売堀交番,271063,大阪府,大阪市西区,立売堀４丁目,2018-07-18,22,道路上,女性,20歳代,あり,34.6795936,135.4876277
7,窃盗,ひったくり,西,立売堀交番,271063,大阪府,大阪市西区,立売堀５丁目,2018-09-10,21,道路上,男性,30歳代,あり,34.679028499999994,135.485415
8,窃盗,ひったくり,西,新町交番,271063,大阪府,大阪市西区,北堀江２丁目,2018-10-05,2,道路上,男性,20歳代,あり,34.673972,135.49141219999998
9,窃盗,ひったくり,西,新町交番,271063,大阪府,大阪市西区,南堀江４丁目,2018-07-20,23,道路上,女性,30歳代,あり,34.6710422,135.482873
10,窃盗,ひったくり,東,安土町交番,271284,大阪府,大阪市中央区,安土町３丁目,2018-06-09,23,道路上,女性,40歳代,あり,34.684399299999995,135.50173830000003
11,窃盗,ひったくり,東,北久宝寺町交番,271284,大阪府,大阪市中央区,久太郎町４丁目,2018-05-12,3,道路上,女性,30歳代,あり,34.68082020000001,135.49895990000002
12,窃盗,ひったくり,東,北久宝寺町交番,271284,大阪府,大阪市中央区,久太郎町４丁目,2018-08-30,4,道路上,男性,50歳代,なし,34.68082020000001,135.49895990000002
13,窃盗,ひったくり,東,南久宝寺町交番,271284,大阪府,大阪市中央区,博労町１丁目,2018-08-29,1,道路上,女性,30歳代,あり,34.678295899999995,135.50800969999997
14,窃盗,ひったくり,東,南大江交番,271284,大阪府,大阪市中央区,鎗屋町１丁目,2018-07-26,22,道路上,女性,40歳代,あり,34.6826925,135.5153805
15,窃盗,ひったくり,東,南大江交番,271284,大阪府,大阪市中央区,龍造寺町,2018-06-28,23,道路上,女性,40歳代,なし,34.6771422,135.51904240000002
16,窃盗,ひったくり,南,長堀交番,271284,大阪府,大阪市中央区,島之内２丁目,2018-08-01,1,道路上,女性,20歳代,あり,34.670477899999995,135.50805559999998
17,窃盗,ひったくり,南,長堀交番,271284,大阪府,大阪市中央区,島之内２丁目,2018-10-10,21,道路上,男性,50歳代,なし,34.670477899999995,135.50805559999998
18,窃盗,ひったくり,南,長堀交番,271284,大阪府,大阪市中央区,島之内２丁目,2018-11-09,3,道路上,女性,30歳代,あり,34.670477899999995,135.50805559999998
19,窃盗,ひったくり,南,長堀交番,271284,大阪府,大阪市中央区,南船場１丁目,2018-04-08,5,道路上,女性,20歳代,なし,34.676537100000004,135.5082233
20,窃盗,ひったくり,南,長堀交番,271284,大阪府,大阪市中央区,南船場１丁目,2018-05-23,1,道路上,男性,40歳代,なし,34.676537100000004,135.5082233
21,窃盗,ひったくり,南,長堀交番,271284,大阪府,大阪市中央区,南船場１丁目,2018-10-17,2,道路上,男性,20歳代,なし,34.676537100000004,135.5082233
22,窃盗,ひったくり,南,西心斎橋交番,271284,大阪府,大阪市中央区,南船場２丁目,2018-10-01,19,道路上,女性,30歳代,あり,34.6765032,135.5045967
23,窃盗,ひったくり,南,西心斎橋交番,271284,大阪府,大阪市中央区,南船場４丁目,2018-07-07,1,道路上,女性,40歳代,あり,34.6764739,135.49861669999999
24,窃盗,ひったくり,南,高津交番,271284,大阪府,大阪市中央区,道頓堀１丁目,2018-05-30,1,道路上,女性,20歳代,なし,34.668486200000004,135.50346580000001
25,窃盗,ひったくり,南,高津交番,271284,大阪府,大阪市中央区,日本橋１丁目,2018-04-25,8,道路上,男性,20歳代,あり,34.6665595,135.5071511
26,窃盗,ひったくり,南,高津交番,271284,大阪府,大阪市中央区,日本橋１丁目,2018-10-18,4,道路上,男性,20歳代,なし,34.6665595,135.5071511
27,窃盗,ひったくり,南,戎橋交番,271284,大阪府,大阪市中央区,道頓堀２丁目,2018-03-17,5,道路上,男性,40歳代,あり,34.6685255,135.4985895
28,窃盗,ひったくり,池田,満寿美交番,272043,大阪府,池田市,呉服町,2018-07-29,20,道路上,女性,60-64歳,あり,34.8184141,135.4250376
29,窃盗,ひったくり,福島,福島交番,271039,大阪府,大阪市福島区,福島５丁目,2018-05-03,2,道路上,女性,40歳代,なし,34.6962835,135.48692140000003
30,窃盗,ひったくり,福島,福島交番,271039,大阪府,大阪市福島区,福島６丁目,2018-07-18,22,道路上,女性,40歳代,あり,34.7003051,135.4885254
31,窃盗,ひったくり,福島,中央市場前交番,271039,大阪府,大阪市福島区,玉川２丁目,2018-06-14,2,道路上,女性,40歳代,なし,34.6909214,135.47980819999998
32,窃盗,ひったくり,福島,野田阪神交番,271039,大阪府,大阪市福島区,吉野１丁目,2018-06-07,15,道路上,女性,70歳以上,あり,34.692918299999995,135.4775993
33,窃盗,ひったくり,福島,海老江交番,271039,大阪府,大阪市福島区,海老江１丁目,2018-07-22,23,道路上,女性,50歳代,あり,34.6982143,135.4761842
34,窃盗,ひったくり,城東,関目交番,271187,大阪府,大阪市城東区,成育２丁目,2018-05-21,22,道路上,男性,50歳代,あり,34.7082902,135.54509009999998
35,窃盗,ひったくり,城東,野江交番,271187,大阪府,大阪市城東区,中央２丁目,2018-03-20,13,道路上,女性,40歳代,あり,34.7034583,135.5425531
36,窃盗,ひったくり,城東,今福交番,271187,大阪府,大阪市城東区,今福西２丁目,2018-05-14,4,道路上,男性,60-64歳,なし,34.69963320000001,135.5515473
37,窃盗,ひったくり,城東,今福交番,271187,大阪府,大阪市城東区,今福東２丁目,2018-01-16,17,道路上,女性,10歳代,なし,34.702369399999995,135.5563957
38,窃盗,ひったくり,旭,大宮交番,271179,大阪府,大阪市旭区,大宮３丁目,2018-08-15,21,道路上,女性,30歳代,なし,34.725519399999996,135.54705019999997
39,窃盗,ひったくり,旭,新森交番,271179,大阪府,大阪市旭区,清水２丁目,2018-08-16,21,道路上,男性,20歳代,あり,34.721462700000004,135.55805780000003
40,窃盗,ひったくり,旭,新森交番,271179,大阪府,大阪市旭区,清水３丁目,2018-07-29,14,道路上,女性,70歳以上,あり,34.7239096,135.5580244
41,窃盗,ひったくり,旭,高殿交番,271179,大阪府,大阪市旭区,高殿２丁目,2018-04-20,22,道路上,男性,40歳代,なし,34.7190849,135.5368425
42,窃盗,ひったくり,鶴見,茨田北交番,271241,大阪府,大阪市鶴見区,浜４丁目,2018-06-03,6,道路上,女性,60-64歳,あり,34.711900899999996,135.584157
43,窃盗,ひったくり,鶴見,放出大橋交番,271241,大阪府,大阪市鶴見区,放出東１丁目,2018-08-04,0,道路上,男性,40歳代,あり,34.6945595,135.563124
44,窃盗,ひったくり,鶴見,放出駅前交番,271241,大阪府,大阪市鶴見区,今津南１丁目,2018-05-17,15,道路上,女性,70歳以上,あり,34.6890713,135.56794119999998
45,窃盗,ひったくり,鶴見,放出駅前交番,271241,大阪府,大阪市鶴見区,今津南１丁目,2018-10-11,19,道路上,男性,50歳代,なし,34.6890713,135.56794119999998
46,窃盗,ひったくり,鶴見,緑交番,271241,大阪府,大阪市鶴見区,鶴見４丁目,2018-06-30,10,その他,男性,10歳代,あり,34.7041865,135.5630986
47,窃盗,ひったくり,鶴見,緑交番,271241,大阪府,大阪市鶴見区,鶴見４丁目,2018-10-12,9,道路上,女性,60-64歳,あり,34.7041865,135.5630986
48,窃盗,ひったくり,八尾,本町交番,272124,大阪府,八尾市,東本町２丁目,2018-10-25,22,道路上,女性,20歳代,あり,34.627776700000005,135.6030284
49,窃盗,ひったくり,八尾,近鉄八尾駅前交番,272124,大阪府,八尾市,荘内町１丁目,2018-03-31,15,道路上,女性,70歳以上,あり,34.6271797,135.6076606
50,窃盗,ひったくり,八尾,近鉄八尾駅前交番,272124,大阪府,八尾市,東本町２丁目,2018-11-11,18,道路上,男性,70歳以上,あり,34.627776700000005,135.6030284
51,窃盗,ひったくり,八尾,山本交番,272124,大阪府,八尾市,東山本新町１丁目,2018-04-03,8,道路上,女性,40歳代,あり,34.6264076,135.6244986
52,窃盗,ひったくり,八尾,八尾駅前交番,272124,大阪府,八尾市,明美町２丁目,2018-05-05,0,道路上,女性,20歳代,あり,34.619238200000005,135.60185719999998
53,窃盗,ひったくり,八尾,八尾駅前交番,272124,大阪府,八尾市,松山町１丁目,2018-05-05,0,道路上,女性,10歳代,あり,34.621311299999995,135.6038179
54,窃盗,ひったくり,八尾,八尾駅前交番,272124,大阪府,八尾市,松山町２丁目,2018-10-11,0,道路上,女性,70歳以上,なし,34.6193214,135.60394019999998
55,窃盗,ひったくり,八尾,太子堂交番,272124,大阪府,八尾市,植松町２丁目,2018-04-04,9,道路上,女性,70歳以上,あり,34.6146516,135.5989971
56,窃盗,ひったくり,八尾,太子堂交番,272124,大阪府,八尾市,植松町２丁目,2018-05-05,0,道路上,女性,20歳代,なし,34.6146516,135.5989971
57,窃盗,ひったくり,八尾,太子堂交番,272124,大阪府,八尾市,北木の本５丁目,2018-09-17,19,道路上,女性,70歳以上,あり,34.608056,135.5886387
58,窃盗,ひったくり,八尾,木本交番,272124,大阪府,八尾市,南木の本６丁目,2018-05-05,20,道路上,女性,20歳代,あり,34.600136299999996,135.59098889999999
59,窃盗,ひったくり,八尾,木本交番,272124,大阪府,八尾市,若林町２丁目,2018-05-05,20,道路上,女性,20歳代,あり,34.5947743,135.5836889
60,窃盗,ひったくり,港,夕凪交番,271071,大阪府,大阪市港区,夕凪１丁目,2018-07-26,21,道路上,女性,50歳代,なし,34.662963399999995,135.4536644
61,窃盗,ひったくり,港,弁天町駅前交番,271071,大阪府,大阪市港区,波除５丁目,2018-04-22,3,道路上,男性,20歳代,あり,34.6732679,135.4605594
62,窃盗,ひったくり,港,弁天町駅前交番,271071,大阪府,大阪市港区,波除５丁目,2018-12-25,9,道路上,女性,70歳以上,あり,34.6732679,135.4605594
63,窃盗,ひったくり,松原,高見の里交番,272175,大阪府,松原市,高見の里６丁目,2018-11-05,13,道路上,女性,70歳以上,あり,34.5709275,135.5481104
64,窃盗,ひったくり,松原,河内天美駅前交番,272175,大阪府,松原市,天美西１丁目,2018-03-30,19,道路上,男性,20歳代,あり,34.5875162,135.5291757
65,窃盗,ひったくり,松原,我堂町交番,272175,大阪府,松原市,天美西１丁目,2018-05-20,20,道路上,女性,50歳代,あり,34.5875162,135.5291757
66,窃盗,ひったくり,曽根崎,大阪駅交番,271276,大阪府,大阪市北区,野崎町,2018-04-20,11,道路上,女性,20歳代,あり,34.700790600000005,135.50689519999997
67,窃盗,ひったくり,曽根崎,曽根崎二丁目交番,271276,大阪府,大阪市北区,兎我野町,2018-01-09,18,道路上,女性,20歳代,あり,34.7005579,135.5042328
68,窃盗,ひったくり,曽根崎,扇町公園交番,271276,大阪府,大阪市北区,扇町１丁目,2018-06-02,4,その他,女性,50歳代,あり,34.7034532,135.508939
69,窃盗,ひったくり,曽根崎,扇町公園交番,271276,大阪府,大阪市北区,扇町２丁目,2018-07-23,0,道路上,男性,40歳代,あり,34.705000899999995,135.50802219999997
70,窃盗,ひったくり,天満,渡辺橋交番,271276,大阪府,大阪市北区,梅田２丁目,2018-07-25,4,道路上,男性,65-69歳,なし,34.698536499999996,135.4934944
71,窃盗,ひったくり,天満,渡辺橋交番,271276,大阪府,大阪市北区,曾根崎新地２丁目,2018-11-04,3,道路上,女性,20歳代,あり,34.697418299999995,135.4939311
72,窃盗,ひったくり,天満,大江橋交番,271276,大阪府,大阪市北区,曾根崎新地１丁目,2018-02-01,5,道路上,女性,20歳代,あり,34.6973188,135.499224
73,窃盗,ひったくり,天満,大江橋交番,271276,大阪府,大阪市北区,西天満４丁目,2018-10-26,0,道路上,女性,30歳代,あり,34.6970037,135.504222
74,窃盗,ひったくり,天満,大江橋交番,271276,大阪府,大阪市北区,西天満６丁目,2018-01-06,5,道路上,女性,50歳代,なし,34.6988475,135.5055592
75,窃盗,ひったくり,天満,大江橋交番,271276,大阪府,大阪市北区,西天満６丁目,2018-08-11,1,道路上,女性,30歳代,あり,34.6988475,135.5055592
76,窃盗,ひったくり,天満,天神橋北交番,271276,大阪府,大阪市北区,天神橋１丁目,2018-06-20,2,道路上,女性,30歳代,あり,34.694345500000004,135.5120637
77,窃盗,ひったくり,天満,南森町交番,271276,大阪府,大阪市北区,天神橋２丁目,2018-01-17,12,道路上,女性,70歳以上,あり,34.696432,135.511913
78,窃盗,ひったくり,天満,南森町交番,271276,大阪府,大阪市北区,天満橋３丁目,2018-06-16,23,道路上,男性,60-64歳,なし,34.7044891,135.5152813
79,窃盗,ひったくり,都島,淀川交番,271021,大阪府,大阪市都島区,毛馬町２丁目,2018-03-29,1,道路上,男性,40歳代,なし,34.7218295,135.5243445
80,窃盗,ひったくり,都島,淀川交番,271021,大阪府,大阪市都島区,毛馬町２丁目,2018-05-21,17,道路上,女性,70歳以上,あり,34.7218295,135.5243445
81,窃盗,ひったくり,都島,淀川交番,271021,大阪府,大阪市都島区,毛馬町３丁目,2018-08-14,2,道路上,男性,20歳代,なし,34.721187,135.51842319999997
82,窃盗,ひったくり,都島,都島本通交番,271021,大阪府,大阪市都島区,都島中通１丁目,2018-02-25,2,道路上,女性,20歳代,あり,34.7050277,135.5283562
83,窃盗,ひったくり,都島,都島本通交番,271021,大阪府,大阪市都島区,都島本通１丁目,2018-07-26,23,道路上,女性,60-64歳,なし,34.709318700000004,135.5216206
84,窃盗,ひったくり,都島,京橋交番,271021,大阪府,大阪市都島区,片町２丁目,2018-02-03,3,道路上,女性,40歳代,あり,34.6949924,135.5306243
85,窃盗,ひったくり,都島,京橋交番,271021,大阪府,大阪市都島区,片町２丁目,2018-06-05,0,道路上,女性,20歳代,あり,34.6949924,135.5306243
86,窃盗,ひったくり,都島,京橋交番,271021,大阪府,大阪市都島区,東野田町２丁目,2018-10-13,0,道路上,女性,20歳代,あり,34.6973443,135.53136819999997
87,窃盗,ひったくり,都島,友渕町交番,271021,大阪府,大阪市都島区,内代町３丁目,2018-08-20,23,道路上,男性,40歳代,あり,34.7133832,135.5365836
88,窃盗,ひったくり,都島,友渕町交番,271021,大阪府,大阪市都島区,高倉町１丁目,2018-05-06,22,道路上,女性,30歳代,あり,34.713562599999996,135.53086580000002
89,窃盗,ひったくり,都島,友渕町交番,271021,大阪府,大阪市都島区,友渕町２丁目,2018-07-21,22,道路上,男性,40歳代,あり,34.7143747,135.5288956
90,窃盗,ひったくり,此花,西九条駅前交番,271047,大阪府,大阪市此花区,西九条２丁目,2018-07-18,21,道路上,女性,40歳代,なし,34.6793908,135.46420669999998
91,窃盗,ひったくり,大正,,271063,大阪府,大阪市西区,本田１丁目,2018-04-30,1,道路上,男性,40歳代,なし,34.6781166,135.4809983
92,窃盗,ひったくり,大正,大浪橋交番,271080,大阪府,大阪市大正区,三軒家西２丁目,2018-05-22,0,道路上,女性,50歳代,あり,34.664984600000004,135.4745861
93,窃盗,ひったくり,大正,大浪橋交番,271080,大阪府,大阪市大正区,三軒家東４丁目,2018-05-22,1,道路上,女性,40歳代,あり,34.661717200000005,135.4770795
94,窃盗,ひったくり,大正,泉尾交番,271080,大阪府,大阪市大正区,泉尾１丁目,2018-02-24,1,道路上,女性,50歳代,あり,34.6619351,135.47270790000002
95,窃盗,ひったくり,大正,鶴町交番,271080,大阪府,大阪市大正区,鶴町３丁目,2018-07-19,19,道路上,女性,70歳以上,あり,34.6410869,135.4533531
96,窃盗,ひったくり,大正,平尾交番,271080,大阪府,大阪市大正区,平尾４丁目,2018-07-04,4,道路上,女性,20歳代,あり,34.641765899999996,135.471226
97,窃盗,ひったくり,天王寺,玉造交番,271098,大阪府,大阪市天王寺区,上本町４丁目,2018-10-15,23,道路上,男性,50歳代,なし,34.670315,135.520079
98,窃盗,ひったくり,天王寺,玉造交番,271098,大阪府,大阪市天王寺区,清水谷町,2018-08-03,23,道路上,女性,40歳代,あり,34.674240600000005,135.5229892
99,窃盗,ひったくり,天王寺,上本町交番,271098,大阪府,大阪市天王寺区,上之宮町,2018-06-16,4,道路上,男性,30歳代,あり,34.661696500000005,135.52026750000002
100,窃盗,ひったくり,天王寺,上本町交番,271098,大阪府,大阪市天王寺区,上之宮町,2018-11-04,12,道路上,女性,60-64歳,あり,34.661696500000005,135.52026750000002
101,窃盗,ひったくり,天王寺,上本町交番,271098,大阪府,大阪市天王寺区,上本町８丁目,2018-06-22,23,道路上,男性,40歳代,あり,34.66061679999999,135.5183002
102,窃盗,ひったくり,天王寺,勝山交番,271098,大阪府,大阪市天王寺区,国分町,2018-06-13,0,道路上,女性,20歳代,なし,34.6516434,135.5242429
103,窃盗,ひったくり,天王寺,天王寺駅前交番,271098,大阪府,大阪市天王寺区,北河堀町,2018-09-03,23,道路上,女性,70歳以上,あり,34.65020429999999,135.5173497
104,窃盗,ひったくり,天王寺,天王寺駅前交番,271098,大阪府,大阪市天王寺区,大道１丁目,2018-09-16,23,道路上,女性,20歳代,あり,34.6518769,135.5149167
105,窃盗,ひったくり,天王寺,天王寺駅前交番,271098,大阪府,大阪市天王寺区,茶臼山町,2018-02-03,14,道路上,女性,65-69歳,あり,34.6503818,135.5099899
106,窃盗,ひったくり,天王寺,天王寺駅前交番,271098,大阪府,大阪市天王寺区,南河堀町,2018-05-08,1,道路上,女性,30歳代,あり,34.6470501,135.5188111
107,窃盗,ひったくり,天王寺,天王寺駅前交番,271098,大阪府,大阪市天王寺区,南河堀町,2018-11-09,1,道路上,女性,20歳代,あり,34.6470501,135.5188111
108,窃盗,ひったくり,天王寺,舟橋町交番,271098,大阪府,大阪市天王寺区,味原町,2018-01-17,0,道路上,男性,20歳代,あり,34.6673948,135.5279641
109,窃盗,ひったくり,天王寺,舟橋町交番,271098,大阪府,大阪市天王寺区,下味原町,2018-07-13,22,道路上,男性,30歳代,あり,34.6653629,135.52930880000002
110,窃盗,ひったくり,天王寺,生玉交番,271098,大阪府,大阪市天王寺区,生玉寺町,2018-06-29,11,道路上,男性,65-69歳,あり,34.6612935,135.5130505
111,窃盗,ひったくり,天王寺,生玉交番,271098,大阪府,大阪市天王寺区,上汐３丁目,2018-01-25,0,道路上,女性,30歳代,あり,34.6648846,135.5168083
112,窃盗,ひったくり,天王寺,生玉交番,271098,大阪府,大阪市天王寺区,上汐３丁目,2018-05-14,22,道路上,女性,50歳代,あり,34.6648846,135.5168083
113,窃盗,ひったくり,天王寺,生玉交番,271098,大阪府,大阪市天王寺区,上汐４丁目,2018-05-14,22,道路上,女性,40歳代,なし,34.662535299999995,135.5163206
114,窃盗,ひったくり,浪速,体育会館前交番,271110,大阪府,大阪市浪速区,敷津西１丁目,2018-01-10,3,道路上,女性,50歳代,あり,34.6586184,135.4953131
115,窃盗,ひったくり,浪速,体育会館前交番,271110,大阪府,大阪市浪速区,難波中３丁目,2018-03-31,19,道路上,女性,40歳代,なし,34.660780700000004,135.4986439
116,窃盗,ひったくり,浪速,桜川交番,271110,大阪府,大阪市浪速区,稲荷１丁目,2018-11-13,20,道路上,女性,20歳代,あり,34.6644731,135.4916958
117,窃盗,ひったくり,浪速,桜川交番,271110,大阪府,大阪市浪速区,木津川１丁目,2018-01-19,0,道路上,女性,40歳代,あり,34.665823700000004,135.4820667
118,窃盗,ひったくり,浪速,桜川交番,271110,大阪府,大阪市浪速区,幸町２丁目,2018-05-04,3,道路上,女性,30歳代,あり,34.668851200000006,135.4888772
119,窃盗,ひったくり,浪速,桜川交番,271110,大阪府,大阪市浪速区,幸町３丁目,2018-07-20,23,道路上,女性,20歳代,あり,34.668677100000004,135.4837309
120,窃盗,ひったくり,浪速,桜川交番,271110,大阪府,大阪市浪速区,桜川２丁目,2018-05-02,1,道路上,女性,30歳代,あり,34.6667138,135.4890355
121,窃盗,ひったくり,浪速,桜川交番,271110,大阪府,大阪市浪速区,桜川３丁目,2018-04-12,21,道路上,女性,30歳代,あり,34.666837,135.48674430000003
122,窃盗,ひったくり,浪速,桜川交番,271110,大阪府,大阪市浪速区,塩草１丁目,2018-01-12,0,道路上,女性,65-69歳,あり,34.6616644,135.49156440000002
123,窃盗,ひったくり,浪速,日本橋東交番,271110,大阪府,大阪市浪速区,日本橋５丁目,2018-09-08,1,道路上,男性,20歳代,あり,34.6569558,135.5051762
124,窃盗,ひったくり,浪速,日本橋東交番,271110,大阪府,大阪市浪速区,日本橋東２丁目,2018-06-12,1,道路上,女性,20歳代,あり,34.65947070000001,135.50800180000002
125,窃盗,ひったくり,浪速,日本橋東交番,271110,大阪府,大阪市浪速区,日本橋東３丁目,2018-10-10,20,道路上,女性,70歳以上,あり,34.656170700000004,135.5071774
126,窃盗,ひったくり,浪速,大国交番,271110,大阪府,大阪市浪速区,敷津西２丁目,2018-01-03,19,道路上,女性,40歳代,あり,34.6567776,135.49526530000003
127,窃盗,ひったくり,浪速,大国交番,271110,大阪府,大阪市浪速区,敷津西２丁目,2018-04-26,19,道路上,女性,60-64歳,あり,34.6567776,135.49526530000003
128,窃盗,ひったくり,浪速,大国交番,271110,大阪府,大阪市浪速区,敷津西２丁目,2018-05-24,23,道路上,女性,20歳代,あり,34.6567776,135.49526530000003
129,窃盗,ひったくり,浪速,大国交番,271110,大阪府,大阪市浪速区,敷津東３丁目,2018-08-13,2,道路上,女性,30歳代,あり,34.6555946,135.4994251
130,窃盗,ひったくり,浪速,大国交番,271110,大阪府,大阪市浪速区,大国２丁目,2018-01-04,20,道路上,女性,60-64歳,あり,34.6539877,135.4950649
131,窃盗,ひったくり,浪速,大国交番,271110,大阪府,大阪市浪速区,大国２丁目,2018-01-09,16,道路上,女性,50歳代,あり,34.6539877,135.4950649
132,窃盗,ひったくり,浪速,大国交番,271110,大阪府,大阪市浪速区,大国２丁目,2018-01-15,18,道路上,女性,30歳代,あり,34.6539877,135.4950649
133,窃盗,ひったくり,浪速,浪速町交番,271110,大阪府,大阪市浪速区,久保吉２丁目,2018-08-13,1,道路上,女性,40歳代,なし,34.661918299999996,135.4834735
134,窃盗,ひったくり,浪速,浪速町交番,271110,大阪府,大阪市浪速区,浪速西１丁目,2018-01-12,0,道路上,女性,20歳代,あり,34.6587688,135.4863547
135,窃盗,ひったくり,浪速,恵美須交番,271110,大阪府,大阪市浪速区,恵美須西１丁目,2018-04-17,22,道路上,女性,20歳代,あり,34.6549947,135.5030384
136,窃盗,ひったくり,浪速,恵美須交番,271110,大阪府,大阪市浪速区,恵美須西３丁目,2018-09-04,1,道路上,男性,40歳代,なし,34.6512145,135.5019394
137,窃盗,ひったくり,浪速,JRなんば駅前交番,271110,大阪府,大阪市浪速区,桜川１丁目,2018-12-24,3,道路上,女性,20歳代,あり,34.6668056,135.49247250000002
138,窃盗,ひったくり,大淀,大淀南交番,271276,大阪府,大阪市北区,大淀中４丁目,2018-11-30,13,道路上,女性,65-69歳,あり,34.703244299999994,135.4825045
139,窃盗,ひったくり,大淀,大淀南交番,271276,大阪府,大阪市北区,中津５丁目,2018-07-31,22,道路上,男性,20歳代,なし,34.706841600000004,135.4919507
140,窃盗,ひったくり,大淀,大淀南交番,271276,大阪府,大阪市北区,中津５丁目,2018-07-31,22,道路上,男性,50歳代,なし,34.706841600000004,135.4919507
141,窃盗,ひったくり,大淀,本庄交番,271276,大阪府,大阪市北区,豊崎３丁目,2018-06-14,2,道路上,女性,70歳以上,なし,34.7101812,135.4987012
142,窃盗,ひったくり,大淀,天神橋七丁目交番,271276,大阪府,大阪市北区,本庄東２丁目,2018-08-27,23,道路上,女性,20歳代,なし,34.714132,135.50824780000002
143,窃盗,ひったくり,西淀川,野里交番,271136,大阪府,大阪市西淀川区,野里１丁目,2018-10-05,2,道路上,女性,20歳代,あり,34.709903000000004,135.4638993
144,窃盗,ひったくり,西淀川,大和田交番,271136,大阪府,大阪市西淀川区,大和田４丁目,2018-08-04,11,道路上,男性,70歳以上,あり,34.70764260000001,135.4459344
145,窃盗,ひったくり,淀川,十三東交番,271233,大阪府,大阪市淀川区,新北野１丁目,2018-01-03,21,道路上,女性,30歳代,あり,34.7152524,135.482802
146,窃盗,ひったくり,淀川,十三東交番,271233,大阪府,大阪市淀川区,十三東１丁目,2018-07-27,0,道路上,女性,60-64歳,あり,34.71781420000001,135.4870092
147,窃盗,ひったくり,淀川,十三東交番,271233,大阪府,大阪市淀川区,十三東２丁目,2018-05-14,22,道路上,女性,10歳代,あり,34.7200395,135.4831695
148,窃盗,ひったくり,淀川,十三東交番,271233,大阪府,大阪市淀川区,十三本町１丁目,2018-01-17,3,道路上,男性,30歳代,あり,34.718787299999995,135.4797875
149,窃盗,ひったくり,淀川,十三東交番,271233,大阪府,大阪市淀川区,十三本町１丁目,2018-04-02,15,道路上,女性,70歳以上,あり,34.718787299999995,135.4797875
150,窃盗,ひったくり,淀川,十三東交番,271233,大阪府,大阪市淀川区,十三元今里１丁目,2018-01-28,1,道路上,女性,40歳代,あり,34.7176243,135.476246
151,窃盗,ひったくり,淀川,西中島交番,271233,大阪府,大阪市淀川区,西中島２丁目,2018-05-10,3,道路上,女性,40歳代,あり,34.7222489,135.49736299999998
152,窃盗,ひったくり,淀川,三国本町交番,271233,大阪府,大阪市淀川区,西宮原１丁目,2018-07-15,21,道路上,女性,20歳代,あり,34.7324331,135.4928039
153,窃盗,ひったくり,淀川,新大阪駅交番,271233,大阪府,大阪市淀川区,西中島５丁目,2018-06-23,1,道路上,女性,40歳代,あり,34.7313185,135.500552
154,窃盗,ひったくり,淀川,加島交番,271233,大阪府,大阪市淀川区,三津屋中２丁目,2018-07-31,20,道路上,女性,50歳代,なし,34.7269494,135.46830459999998
155,窃盗,ひったくり,淀川,塚本交番,271233,大阪府,大阪市淀川区,塚本２丁目,2018-02-14,22,道路上,男性,30歳代,なし,34.7134583,135.47047959999998
156,窃盗,ひったくり,淀川,塚本交番,271233,大阪府,大阪市淀川区,塚本３丁目,2018-08-14,0,道路上,女性,10歳代,あり,34.7167351,135.47376430000003
157,窃盗,ひったくり,淀川,新北野交番,271233,大阪府,大阪市淀川区,新北野１丁目,2018-09-25,20,道路上,男性,30歳代,あり,34.7152524,135.482802
158,窃盗,ひったくり,淀川,新北野交番,271233,大阪府,大阪市淀川区,新北野２丁目,2018-01-04,19,道路上,女性,70歳以上,あり,34.7136616,135.4789046
159,窃盗,ひったくり,東淀川,大隅交番,271144,大阪府,大阪市東淀川区,大桐３丁目,2018-01-21,19,道路上,女性,10歳代,あり,34.7485954,135.54559550000002
160,窃盗,ひったくり,東淀川,上新庄交番,271144,大阪府,大阪市東淀川区,上新庄３丁目,2018-03-17,2,道路上,男性,40歳代,あり,34.7518183,135.53183330000002
161,窃盗,ひったくり,東淀川,豊里交番,271144,大阪府,大阪市東淀川区,大道南２丁目,2017-02-12,21,道路上,女性,20歳代,なし,34.7436645,135.5528238
162,窃盗,ひったくり,東淀川,菅原交番交番,271144,大阪府,大阪市東淀川区,菅原６丁目,2018-09-27,22,道路上,女性,20歳代,なし,34.7410005,135.52148200000002
163,窃盗,ひったくり,東淀川,淡路交番,271144,大阪府,大阪市東淀川区,淡路３丁目,2018-02-02,23,道路上,女性,50歳代,あり,34.738584100000004,135.51243180000003
164,窃盗,ひったくり,東淀川,新大阪駅東交番,271144,大阪府,大阪市東淀川区,西淡路１丁目,2018-06-06,13,道路上,女性,10歳代,あり,34.737112100000004,135.5049844
165,窃盗,ひったくり,東淀川,新大阪駅東交番,271144,大阪府,大阪市東淀川区,東中島１丁目,2018-11-12,13,道路上,女性,30歳代,あり,34.7302249,135.5032776
166,窃盗,ひったくり,東成,新橋通交番,271152,大阪府,大阪市東成区,大今里南１丁目,2018-06-01,21,道路上,女性,70歳以上,なし,34.6666893,135.54394109999998
167,窃盗,ひったくり,東成,新橋通交番,271152,大阪府,大阪市東成区,大今里南１丁目,2018-06-09,0,道路上,男性,40歳代,あり,34.6666893,135.54394109999998
168,窃盗,ひったくり,東成,東小橋交番,271152,大阪府,大阪市東成区,玉津２丁目,2018-08-18,15,道路上,女性,70歳以上,あり,34.668711,135.5370596
169,窃盗,ひったくり,東成,東小橋交番,271152,大阪府,大阪市東成区,玉津２丁目,2018-10-14,0,道路上,女性,30歳代,あり,34.668711,135.5370596
170,窃盗,ひったくり,東成,東小橋交番,271152,大阪府,大阪市東成区,玉津３丁目,2018-11-04,3,道路上,女性,20歳代,なし,34.6662237,135.5370426
171,窃盗,ひったくり,東成,中本交番,271152,大阪府,大阪市東成区,東今里３丁目,2018-08-09,23,道路上,男性,30歳代,あり,34.675630600000005,135.5502217
172,窃盗,ひったくり,東成,神路交番,271152,大阪府,大阪市東成区,東中本３丁目,2018-08-16,21,道路上,男性,20歳代,あり,34.67607460000001,135.5459115
173,窃盗,ひったくり,生野,桃谷交番,271161,大阪府,大阪市生野区,桃谷２丁目,2018-11-22,0,道路上,女性,50歳代,あり,34.6601448,135.5320061
174,窃盗,ひったくり,生野,生野西交番,271161,大阪府,大阪市生野区,勝山北１丁目,2018-06-07,12,道路上,男性,40歳代,あり,34.65591679999999,135.52858799999998
175,窃盗,ひったくり,生野,生野東交番,271161,大阪府,大阪市生野区,生野西４丁目,2018-01-14,0,道路上,女性,20歳代,なし,34.647609,135.5277834
176,窃盗,ひったくり,生野,今里公園前交番,271161,大阪府,大阪市生野区,小路２丁目,2018-08-14,23,道路上,女性,20歳代,あり,34.6603301,135.5541664
177,窃盗,ひったくり,生野,今里公園前交番,271161,大阪府,大阪市生野区,新今里３丁目,2018-11-10,0,道路上,男性,40歳代,あり,34.6603331,135.5462688
178,窃盗,ひったくり,生野,今里公園前交番,271161,大阪府,大阪市生野区,新今里４丁目,2018-06-08,20,道路上,女性,50歳代,なし,34.663096,135.5490658
179,窃盗,ひったくり,生野,今里公園前交番,271161,大阪府,大阪市生野区,中川２丁目,2018-11-07,0,道路上,男性,60-64歳,なし,34.6602027,135.5427553
180,窃盗,ひったくり,生野,巽西交番,271161,大阪府,大阪市生野区,巽北１丁目,2018-06-07,23,道路上,女性,40歳代,あり,34.6546714,135.54520119999998
181,窃盗,ひったくり,生野,巽西交番,271161,大阪府,大阪市生野区,巽北１丁目,2018-11-28,3,道路上,女性,60-64歳,あり,34.6546714,135.54520119999998
182,窃盗,ひったくり,生野,巽西交番,271161,大阪府,大阪市生野区,巽北３丁目,2018-05-29,23,道路上,女性,60-64歳,あり,34.6545682,135.5533706
183,窃盗,ひったくり,生野,巽西交番,271161,大阪府,大阪市生野区,巽中１丁目,2018-06-04,19,道路上,男性,70歳以上,あり,34.651746700000004,135.5510487
184,窃盗,ひったくり,阿倍野,三明町交番,271195,大阪府,大阪市阿倍野区,文の里４丁目,2018-04-03,20,道路上,男性,50歳代,なし,34.6334278,135.52210369999997
185,窃盗,ひったくり,阿倍野,金塚交番,271195,大阪府,大阪市阿倍野区,旭町３丁目,2018-06-01,13,道路上,女性,65-69歳,あり,34.6430186,135.5080782
186,窃盗,ひったくり,阿倍野,金塚交番,271195,大阪府,大阪市阿倍野区,旭町３丁目,2018-09-19,23,その他,男性,40歳代,あり,34.6430186,135.5080782
187,窃盗,ひったくり,阿倍野,高松交番,271195,大阪府,大阪市阿倍野区,天王寺町北２丁目,2018-10-24,23,道路上,女性,40歳代,あり,34.6462227,135.5239144
188,窃盗,ひったくり,阿倍野,高松交番,271195,大阪府,大阪市阿倍野区,天王寺町北３丁目,2018-11-02,18,道路上,女性,70歳以上,あり,34.6439766,135.5264126
189,窃盗,ひったくり,阿倍野,阪南町交番,271195,大阪府,大阪市阿倍野区,王子町３丁目,2018-11-03,20,道路上,女性,20歳代,あり,34.629051399999994,135.5100064
190,窃盗,ひったくり,阿倍野,阪南町交番,271195,大阪府,大阪市阿倍野区,阪南町２丁目,2018-10-25,23,道路上,男性,60-64歳,なし,34.6317091,135.51372130000001
191,窃盗,ひったくり,阿倍野,阪南町交番,271195,大阪府,大阪市阿倍野区,阪南町３丁目,2018-10-31,9,道路上,男性,30歳代,なし,34.6285359,135.5130168
192,窃盗,ひったくり,阿倍野,西田辺交番,271195,大阪府,大阪市阿倍野区,昭和町５丁目,2018-07-14,22,道路上,女性,20歳代,あり,34.6228727,135.51603889999998
193,窃盗,ひったくり,阿倍野,西田辺交番,271195,大阪府,大阪市阿倍野区,播磨町２丁目,2018-07-25,5,道路上,男性,50歳代,あり,34.620408399999995,135.509611
194,窃盗,ひったくり,阿倍野,西田辺交番,271195,大阪府,大阪市阿倍野区,阪南町５丁目,2018-05-12,1,道路上,女性,20歳代,あり,34.62295820000001,135.5130625
195,窃盗,ひったくり,阿倍野,晴明丘交番,271195,大阪府,大阪市阿倍野区,相生通１丁目,2018-06-02,19,道路上,女性,70歳以上,あり,34.629488,135.5051045
196,窃盗,ひったくり,阿倍野,晴明丘交番,271195,大阪府,大阪市阿倍野区,阿倍野元町,2018-05-12,2,道路上,女性,20歳代,あり,34.631341600000006,135.5087577
197,窃盗,ひったくり,阿倍野,晴明丘交番,271195,大阪府,大阪市阿倍野区,晴明通,2018-05-24,23,道路上,女性,20歳代,あり,34.632723,135.5061122
198,窃盗,ひったくり,阿倍野,晴明丘交番,271195,大阪府,大阪市阿倍野区,播磨町１丁目,2018-07-17,11,道路上,女性,40歳代,あり,34.6233898,135.5093552
199,窃盗,ひったくり,阿倍野,聖天山公園交番,271195,大阪府,大阪市阿倍野区,松虫通１丁目,2018-03-04,1,道路上,女性,40歳代,なし,34.6350812,135.5084124
200,窃盗,ひったくり,住吉,長居交番,271209,大阪府,大阪市住吉区,大領５丁目,2018-09-21,0,道路上,女性,50歳代,なし,34.612196399999995,135.50541230000002
201,窃盗,ひったくり,住吉,墨江交番,271209,大阪府,大阪市住吉区,帝塚山中１丁目,2018-05-14,9,道路上,女性,65-69歳,あり,34.6237773,135.5007344
202,窃盗,ひったくり,住吉,万代交番,271209,大阪府,大阪市住吉区,大領４丁目,2018-05-24,23,道路上,男性,20歳代,なし,34.6137975,135.506303
203,窃盗,ひったくり,住吉,万代交番,271209,大阪府,大阪市住吉区,大領５丁目,2018-05-24,23,道路上,女性,20歳代,あり,34.612196399999995,135.50541230000002
204,窃盗,ひったくり,住吉,万代交番,271209,大阪府,大阪市住吉区,帝塚山中３丁目,2018-05-27,13,道路上,男性,70歳以上,あり,34.6210889,135.4996485
205,窃盗,ひったくり,東住吉,北田辺交番,271217,大阪府,大阪市東住吉区,北田辺１丁目,2018-03-17,1,道路上,女性,40歳代,あり,34.6362354,135.5247779
206,窃盗,ひったくり,東住吉,北田辺交番,271217,大阪府,大阪市東住吉区,西今川１丁目,2018-08-15,21,道路上,女性,40歳代,あり,34.6325819,135.53293259999998
207,窃盗,ひったくり,東住吉,駒川中野駅前交番,271217,大阪府,大阪市東住吉区,西今川４丁目,2018-06-25,20,道路上,女性,70歳以上,あり,34.6226936,135.5339752
208,窃盗,ひったくり,東住吉,湯里交番,271217,大阪府,大阪市東住吉区,中野３丁目,2018-09-01,16,道路上,男性,30歳代,あり,34.6192401,135.5378382
209,窃盗,ひったくり,東住吉,湯里交番,271217,大阪府,大阪市東住吉区,針中野３丁目,2018-02-04,22,道路上,女性,30歳代,あり,34.617698299999994,135.53434009999998
210,窃盗,ひったくり,東住吉,湯里交番,271217,大阪府,大阪市東住吉区,湯里１丁目,2018-07-11,22,道路上,女性,70歳以上,なし,34.6147196,135.5347011
211,窃盗,ひったくり,東住吉,湯里交番,271217,大阪府,大阪市東住吉区,湯里２丁目,2018-05-08,0,道路上,女性,10歳代,あり,34.6146037,135.53720619999999
212,窃盗,ひったくり,東住吉,湯里交番,271217,大阪府,大阪市東住吉区,湯里５丁目,2018-09-20,23,道路上,男性,40歳代,あり,34.611018,135.53723100000002
213,窃盗,ひったくり,東住吉,鷹合交番,271217,大阪府,大阪市東住吉区,鷹合３丁目,2018-05-23,23,道路上,女性,50歳代,あり,34.6111054,135.5287404
214,窃盗,ひったくり,東住吉,鷹合交番,271217,大阪府,大阪市東住吉区,鷹合４丁目,2018-05-24,22,道路上,女性,20歳代,あり,34.6110831,135.5320121
215,窃盗,ひったくり,東住吉,鷹合交番,271217,大阪府,大阪市東住吉区,東田辺２丁目,2018-03-18,19,道路上,女性,65-69歳,あり,34.6200265,135.5282947
216,窃盗,ひったくり,東住吉,鷹合交番,271217,大阪府,大阪市東住吉区,東田辺３丁目,2018-10-29,21,道路上,男性,30歳代,あり,34.617480900000004,135.5286882
217,窃盗,ひったくり,東住吉,鷹合交番,271217,大阪府,大阪市東住吉区,南田辺２丁目,2018-06-09,23,道路上,男性,50歳代,あり,34.619626000000004,135.52150890000001
218,窃盗,ひったくり,東住吉,矢田駅前交番,271217,大阪府,大阪市東住吉区,矢田１丁目,2018-06-21,8,道路上,女性,40歳代,なし,34.607454600000004,135.52850130000002
219,窃盗,ひったくり,平野,長吉六反交番,271268,大阪府,大阪市平野区,瓜破１丁目,2018-07-12,0,道路上,女性,20歳代,あり,34.606491,135.5503433
220,窃盗,ひったくり,平野,西喜連交番,271268,大阪府,大阪市平野区,喜連西５丁目,2018-08-13,23,道路上,女性,20歳代,あり,34.614696,135.5478313
221,窃盗,ひったくり,平野,長原交番,271268,大阪府,大阪市平野区,長吉川辺３丁目,2018-05-11,10,道路上,女性,50歳代,あり,34.596229,135.57726330000003
222,窃盗,ひったくり,平野,長原交番,271268,大阪府,大阪市平野区,長吉長原東２丁目,2018-05-24,22,道路上,女性,20歳代,あり,34.602906,135.57639630000003
223,窃盗,ひったくり,平野,川辺交番,271268,大阪府,大阪市平野区,長吉川辺２丁目,2018-01-06,18,道路上,女性,50歳代,あり,34.59614620000001,135.57318899999999
224,窃盗,ひったくり,平野,川辺交番,271268,大阪府,大阪市平野区,長吉出戸６丁目,2018-05-11,23,道路上,女性,20歳代,あり,34.609661100000004,135.5722986
225,窃盗,ひったくり,平野,瓜破西交番,271268,大阪府,大阪市平野区,瓜破西１丁目,2018-05-24,22,道路上,女性,70歳以上,なし,34.6071037,135.5464489
226,窃盗,ひったくり,西成,萩之茶屋交番,271225,大阪府,大阪市西成区,萩之茶屋２丁目,2018-02-28,10,道路上,男性,65-69歳,あり,34.646288500000004,135.5011922
227,窃盗,ひったくり,西成,萩之茶屋交番,271225,大阪府,大阪市西成区,花園北１丁目,2018-08-28,6,道路上,男性,70歳以上,あり,34.6489463,135.4989526
228,窃盗,ひったくり,西成,萩之茶屋交番,271225,大阪府,大阪市西成区,花園北２丁目,2018-11-11,14,道路上,男性,70歳以上,あり,34.6452376,135.4981134
229,窃盗,ひったくり,西成,鶴見橋交番,271225,大阪府,大阪市西成区,北津守２丁目,2018-09-08,22,道路上,男性,10歳代,なし,34.6530152,135.4827098
230,窃盗,ひったくり,西成,鶴見橋交番,271225,大阪府,大阪市西成区,梅南３丁目,2018-07-11,20,道路上,女性,70歳以上,あり,34.6429651,135.4879169
231,窃盗,ひったくり,西成,南開交番,271225,大阪府,大阪市西成区,出城１丁目,2018-04-27,15,道路上,女性,70歳以上,あり,34.650453399999996,135.49581569999998
232,窃盗,ひったくり,西成,南開交番,271225,大阪府,大阪市西成区,出城２丁目,2018-01-07,23,道路上,女性,50歳代,なし,34.65015220000001,135.4917284
233,窃盗,ひったくり,西成,南開交番,271225,大阪府,大阪市西成区,中開１丁目,2018-07-23,3,道路上,男性,10歳代,あり,34.6512222,135.4949263
234,窃盗,ひったくり,西成,南開交番,271225,大阪府,大阪市西成区,長橋３丁目,2018-06-30,20,道路上,女性,50歳代,なし,34.6483888,135.4881219
235,窃盗,ひったくり,西成,中津守交番,271225,大阪府,大阪市西成区,橘２丁目,2018-06-30,20,道路上,女性,40歳代,あり,34.638973,135.4913548
236,窃盗,ひったくり,西成,天下茶屋交番,271225,大阪府,大阪市西成区,岸里１丁目,2018-02-18,8,道路上,男性,30歳代,あり,34.635920399999996,135.4953937
237,窃盗,ひったくり,西成,天下茶屋交番,271225,大阪府,大阪市西成区,岸里東１丁目,2018-08-24,8,道路上,女性,65-69歳,あり,34.632348799999995,135.4973657
238,窃盗,ひったくり,西成,天下茶屋交番,271225,大阪府,大阪市西成区,梅南２丁目,2018-09-19,13,道路上,女性,60-64歳,あり,34.6428126,135.4917872
239,窃盗,ひったくり,西成,天下茶屋北交番,271225,大阪府,大阪市西成区,花園南１丁目,2018-07-09,11,道路上,女性,70歳以上,なし,34.6416745,135.4971894
240,窃盗,ひったくり,住之江,粉浜交番,271250,大阪府,大阪市住之江区,粉浜１丁目,2018-06-13,10,道路上,女性,70歳以上,あり,34.6210403,135.49093430000002
241,窃盗,ひったくり,住之江,粉浜交番,271250,大阪府,大阪市住之江区,粉浜西１丁目,2018-02-19,23,道路上,女性,70歳以上,あり,34.6215238,135.48818590000002
242,窃盗,ひったくり,住之江,南加賀屋交番,271250,大阪府,大阪市住之江区,浜口西１丁目,2018-02-20,0,道路上,女性,20歳代,なし,34.6125124,135.48539580000002
243,窃盗,ひったくり,住之江,南加賀屋交番,271250,大阪府,大阪市住之江区,南加賀屋２丁目,2018-08-29,22,その他,女性,50歳代,あり,34.607892299999996,135.47464730000002
244,窃盗,ひったくり,高槻,五領交番,272078,大阪府,高槻市,梶原１丁目,2018-03-05,23,道路上,女性,30歳代,あり,34.865396200000006,135.6495398
245,窃盗,ひったくり,高槻,川西交番,272078,大阪府,高槻市,郡家新町,2018-12-21,0,道路上,女性,20歳代,なし,34.8504991,135.5981272
246,窃盗,ひったくり,高槻,川西交番,272078,大阪府,高槻市,津之江町１丁目,2018-12-26,0,道路上,女性,20歳代,あり,34.840893799999996,135.6087971
247,窃盗,ひったくり,高槻,阿武野交番,272078,大阪府,高槻市,土室町,2018-12-01,2,道路上,女性,30歳代,あり,34.8481669,135.5823773
248,窃盗,ひったくり,高槻,阿武野交番,272078,大阪府,高槻市,氷室町２丁目,2018-11-16,1,道路上,女性,20歳代,あり,34.8479732,135.59004309999997
249,窃盗,ひったくり,高槻,北大手交番,272078,大阪府,高槻市,大手町,2018-10-16,18,道路上,女性,70歳以上,あり,34.8462739,135.62301010000002
250,窃盗,ひったくり,高槻,富田町交番,272078,大阪府,高槻市,栄町２丁目,2018-01-08,14,道路上,女性,60-64歳,あり,34.827746000000005,135.6009194
251,窃盗,ひったくり,高槻,富田町交番,272078,大阪府,高槻市,富田町５丁目,2018-08-01,1,道路上,女性,20歳代,あり,34.8315065,135.5975908
252,窃盗,ひったくり,高槻,富田駅前交番,272078,大阪府,高槻市,東五百住町１丁目,2018-08-24,17,道路上,男性,20歳代,あり,34.84103029999999,135.60105080000002
253,窃盗,ひったくり,高槻,富田駅前交番,272078,大阪府,高槻市,宮田町２丁目,2018-06-08,0,道路上,女性,20歳代,あり,34.843711600000006,135.5881548
254,窃盗,ひったくり,高槻,如是交番,272078,大阪府,高槻市,津之江町２丁目,2018-01-16,20,道路上,女性,50歳代,あり,34.838076,135.61023469999998
255,窃盗,ひったくり,茨木,豊川交番,272116,大阪府,茨木市,豊川３丁目,2018-06-09,19,その他,女性,40歳代,あり,34.8347131,135.52883889999998
256,窃盗,ひったくり,茨木,双葉町交番,272116,大阪府,茨木市,大池１丁目,2018-04-10,20,道路上,女性,50歳代,あり,34.8111694,135.5792875
257,窃盗,ひったくり,茨木,永代町交番,272116,大阪府,茨木市,戸伏町,2018-02-06,18,道路上,女性,65-69歳,あり,34.821934399999996,135.5785083
258,窃盗,ひったくり,茨木,茨木駅前交番,272116,大阪府,茨木市,駅前４丁目,2018-01-18,11,道路上,女性,70歳以上,あり,34.8181147,135.56793380000002
259,窃盗,ひったくり,茨木,鮎川交番,272116,大阪府,茨木市,総持寺台,2018-01-12,13,道路上,女性,70歳以上,あり,34.824019799999995,135.58634640000002
260,窃盗,ひったくり,茨木,玉島交番,272116,大阪府,茨木市,園田町,2018-04-22,15,道路上,女性,70歳以上,あり,34.8139293,135.5818476
261,窃盗,ひったくり,茨木,玉島交番,272116,大阪府,茨木市,寺田町,2018-01-06,21,道路上,女性,40歳代,なし,34.8165978,135.5856322
262,窃盗,ひったくり,茨木,玉島交番,272116,大阪府,茨木市,寺田町,2018-05-09,13,道路上,女性,65-69歳,あり,34.8165978,135.5856322
263,窃盗,ひったくり,茨木,北大阪流通センター前交番,272116,大阪府,茨木市,沢良宜浜１丁目,2018-02-06,20,道路上,女性,40歳代,あり,34.7935347,135.5688366
264,窃盗,ひったくり,吹田,吹田千里丘交番,272051,大阪府,吹田市,新芦屋下,2018-02-26,21,道路上,男性,20歳代,あり,34.8001877,135.5538309
265,窃盗,ひったくり,吹田,江坂交番,272051,大阪府,吹田市,江の木町,2018-01-08,15,道路上,女性,60-64歳,あり,34.754141600000004,135.4947294
266,窃盗,ひったくり,吹田,江坂交番,272051,大阪府,吹田市,広芝町,2018-06-18,1,道路上,男性,50歳代,あり,34.7549537,135.49912690000002
267,窃盗,ひったくり,吹田,豊津交番,272051,大阪府,吹田市,垂水町１丁目,2018-07-25,0,道路上,女性,50歳代,あり,34.7668153,135.50143219999998
268,窃盗,ひったくり,吹田,千里山交番,272051,大阪府,吹田市,千里山東１丁目,2018-04-21,0,道路上,男性,20歳代,あり,34.7738429,135.5077669
269,窃盗,ひったくり,吹田,天道町交番,272051,大阪府,吹田市,原町４丁目,2018-02-06,19,道路上,女性,40歳代,あり,34.7761946,135.53057040000002
270,窃盗,ひったくり,吹田,山田西交番,272051,大阪府,吹田市,山田西２丁目,2018-03-14,22,道路上,女性,65-69歳,あり,34.7954622,135.52754950000002
271,窃盗,ひったくり,豊中,曽根駅前交番,272035,大阪府,豊中市,曽根東町６丁目,2018-07-22,21,その他,女性,20歳代,あり,34.7678619,135.47292040000002
272,窃盗,ひったくり,堺,三国ヶ丘交番,271411,大阪府,堺市堺区,榎元町１丁,2018-03-03,19,道路上,女性,10歳代,なし,34.5717956,135.48548430000002
273,窃盗,ひったくり,堺,三国ヶ丘交番,271411,大阪府,堺市堺区,五月町,2018-02-28,23,道路上,女性,40歳代,あり,34.5708163,135.4835754
274,窃盗,ひったくり,堺,三宝町交番,271411,大阪府,堺市堺区,山本町３丁,2018-05-03,0,道路上,女性,20歳代,あり,34.5885351,135.4708105
275,窃盗,ひったくり,堺,堺東駅前交番,271411,大阪府,堺市堺区,甲斐町東２丁,2018-06-07,20,道路上,男性,30歳代,あり,34.57657570000001,135.473865
276,窃盗,ひったくり,堺,出島町交番,271411,大阪府,堺市堺区,楠町１丁,2018-05-13,10,道路上,女性,70歳以上,あり,34.5643333,135.4612077
277,窃盗,ひったくり,西堺,鳳駅前交番,271446,大阪府,堺市西区,鳳中町９丁,2018-11-29,13,道路上,女性,40歳代,あり,34.532398,135.454115
278,窃盗,ひったくり,西堺,東百舌鳥交番,271420,大阪府,堺市中区,新家町,2018-05-02,22,道路上,女性,10歳代,あり,34.539008700000004,135.51569569999998
279,窃盗,ひったくり,西堺,東百舌鳥交番,271420,大阪府,堺市中区,土師町３丁,2018-11-05,12,道路上,男性,70歳以上,なし,34.5394851,135.498499
280,窃盗,ひったくり,高石,東羽衣交番,272256,大阪府,高石市,東羽衣４丁目,2018-05-03,23,道路上,男性,20歳代,あり,34.5289997,135.4470757
281,窃盗,ひったくり,泉大津,松之浜交番,272060,大阪府,泉大津市,二田町３丁目,2018-05-30,22,道路上,女性,10歳代,あり,34.506855,135.41478899999998
282,窃盗,ひったくり,岸和田,中央公園交番,272027,大阪府,岸和田市,西之内町,2018-08-18,23,道路上,女性,70歳以上,あり,34.466285,135.391451
283,窃盗,ひったくり,泉佐野,泉佐野駅前交番,272132,大阪府,泉佐野市,高松西１丁目,2018-03-10,0,道路上,女性,20歳代,なし,34.405681,135.309942
284,窃盗,ひったくり,泉佐野,日根野駅前交番,272132,大阪府,泉佐野市,日根野,2018-06-01,21,道路上,女性,30歳代,あり,34.3908597,135.3313204
285,窃盗,ひったくり,泉佐野,羽倉崎交番,272132,大阪府,泉佐野市,東羽倉崎町,2018-10-11,23,道路上,女性,20歳代,あり,34.400674,135.303809
286,窃盗,ひったくり,泉佐野,熊取駅前交番,273619,大阪府,熊取町,大久保中２丁目,2018-10-30,23,道路上,男性,70歳以上,あり,34.4034518,135.34301230000003
287,窃盗,ひったくり,羽曳野,大井交番,272264,大阪府,藤井寺市,大井１丁目,2018-05-05,21,道路上,女性,10歳代,あり,34.578162,135.60827700000002
288,窃盗,ひったくり,羽曳野,大井交番,272264,大阪府,藤井寺市,川北１丁目,2018-02-25,10,道路上,男性,10歳代,あり,34.5864782,135.608384
289,窃盗,ひったくり,羽曳野,津堂交番,272264,大阪府,藤井寺市,小山４丁目,2018-05-01,22,道路上,女性,20歳代,なし,34.579669,135.594025
290,窃盗,ひったくり,羽曳野,津堂交番,272264,大阪府,藤井寺市,津堂１丁目,2018-05-01,22,道路上,女性,40歳代,あり,34.581140999999995,135.591225
291,窃盗,ひったくり,羽曳野,藤井寺駅前交番,272264,大阪府,藤井寺市,春日丘１丁目,2018-05-07,23,道路上,女性,30歳代,あり,34.570352,135.592935
292,窃盗,ひったくり,羽曳野,藤井寺駅前交番,272264,大阪府,藤井寺市,小山１丁目,2018-06-01,20,道路上,女性,20歳代,なし,34.577442,135.59462299999998
293,窃盗,ひったくり,羽曳野,藤井寺駅前交番,272264,大阪府,藤井寺市,藤ケ丘２丁目,2018-04-01,17,道路上,女性,60-64歳,あり,34.564583,135.60306599999998
294,窃盗,ひったくり,羽曳野,郡戸交番,272221,大阪府,羽曳野市,河原城,2018-01-19,9,道路上,女性,70歳以上,あり,34.547875,135.576458
295,窃盗,ひったくり,羽曳野,白鳥交番,272221,大阪府,羽曳野市,白鳥１丁目,2018-08-13,21,道路上,女性,20歳代,あり,34.55187,135.60622800000002
296,窃盗,ひったくり,羽曳野,野々上交番,272221,大阪府,羽曳野市,野々上４丁目,2017-12-30,23,道路上,女性,20歳代,あり,34.556994,135.591081
297,窃盗,ひったくり,羽曳野,高鷲駅前交番,272221,大阪府,羽曳野市,高鷲２丁目,2018-05-07,23,道路上,女性,10歳代,あり,34.56795,135.58478200000002
298,窃盗,ひったくり,黒山,北野田駅前交番,271438,大阪府,堺市東区,大美野,2018-05-02,22,道路上,女性,10歳代,あり,34.523869700000006,135.5320284
299,窃盗,ひったくり,黒山,北野田駅前交番,271438,大阪府,堺市東区,北野田,2018-09-25,20,道路上,女性,50歳代,あり,34.523034499999994,135.5431648
300,窃盗,ひったくり,黒山,北野田駅前交番,271438,大阪府,堺市東区,北野田,2018-11-24,17,道路上,女性,70歳以上,あり,34.523034499999994,135.5431648
301,窃盗,ひったくり,黒山,北野田駅前交番,271438,大阪府,堺市東区,西野,2018-05-02,22,道路上,女性,20歳代,なし,34.5167201,135.54065659999998
302,窃盗,ひったくり,黒山,大保交番,271471,大阪府,堺市美原区,多治井,2018-10-18,22,道路上,男性,10歳代,なし,34.544194,135.566871
303,窃盗,ひったくり,黒山,平尾交番,271471,大阪府,堺市美原区,菅生,2018-06-10,0,道路上,女性,20歳代,あり,34.571824,135.553522
304,窃盗,ひったくり,黒山,狭山南交番,272311,大阪府,大阪狭山市,今熊１丁目,2018-05-06,0,道路上,女性,20歳代,あり,34.497091,135.543461
305,窃盗,ひったくり,黒山,狭山南交番,272311,大阪府,大阪狭山市,西山台３丁目,2018-09-21,16,道路上,女性,70歳以上,あり,34.4866814,135.54247949999998
306,窃盗,ひったくり,黒山,初芝駅前交番,271438,大阪府,堺市東区,日置荘田中町,2018-01-19,13,道路上,女性,20歳代,あり,34.5339716,135.52938
307,窃盗,ひったくり,富田林,喜志交番,272141,大阪府,富田林市,木戸山町,2018-03-27,8,道路上,男性,70歳以上,なし,34.525067799999995,135.61271259999998
308,窃盗,ひったくり,河内長野,千代田駅前交番,272167,大阪府,河内長野市,木戸２丁目,2018-09-09,22,道路上,女性,20歳代,あり,34.473713000000004,135.566206
309,窃盗,ひったくり,枚岡,石切駅前交番,272272,大阪府,東大阪市,東石切町２丁目,2018-03-24,12,道路上,女性,70歳以上,あり,34.680820399999995,135.650347
310,窃盗,ひったくり,枚岡,河内町交番,272272,大阪府,東大阪市,本町,2018-05-09,13,道路上,女性,70歳以上,あり,34.6635396,135.6419841
311,窃盗,ひったくり,枚岡,枚岡駅前交番,272272,大阪府,東大阪市,出雲井町,2018-04-09,11,道路上,女性,60-64歳,あり,34.6681201,135.65043730000002
312,窃盗,ひったくり,河内,鴻池駅前交番,272272,大阪府,東大阪市,鴻池町２丁目,2018-02-24,5,道路上,男性,40歳代,なし,34.6972324,135.605074
313,窃盗,ひったくり,河内,菱江交番,272272,大阪府,東大阪市,稲葉１丁目,2018-05-17,13,道路上,女性,65-69歳,あり,34.6698347,135.6121914
314,窃盗,ひったくり,河内,鴻池交番,272272,大阪府,東大阪市,新庄２丁目,2018-07-06,16,道路上,女性,65-69歳,あり,34.691401899999995,135.6023125
315,窃盗,ひったくり,河内,松原交番,272272,大阪府,東大阪市,吉田下島,2018-08-04,15,道路上,男性,70歳以上,あり,34.6736833,135.6188487
316,窃盗,ひったくり,河内,松原交番,272272,大阪府,東大阪市,吉田本町１丁目,2018-06-28,23,道路上,男性,30歳代,あり,34.6733047,135.6220512
317,窃盗,ひったくり,河内,松原交番,272272,大阪府,東大阪市,吉田本町２丁目,2018-06-23,0,道路上,男性,50歳代,なし,34.6736704,135.625098
318,窃盗,ひったくり,布施,稲田交番,272272,大阪府,東大阪市,稲田本町３丁目,2018-03-30,15,道路上,女性,60-64歳,あり,34.68933870000001,135.58054140000002
319,窃盗,ひったくり,布施,布施駅前交番,272272,大阪府,東大阪市,足代２丁目,2018-11-08,17,道路上,男性,70歳以上,なし,34.6626044,135.56380369999997
320,窃盗,ひったくり,布施,布施駅前交番,272272,大阪府,東大阪市,足代３丁目,2018-10-30,23,その他,女性,20歳代,あり,34.662555299999994,135.56545219999998
321,窃盗,ひったくり,布施,布施駅前交番,272272,大阪府,東大阪市,荒川３丁目,2018-02-11,22,道路上,女性,10歳代,あり,34.6609799,135.5712794
322,窃盗,ひったくり,布施,足代北交番,271152,大阪府,大阪市東成区,大今里南６丁目,2018-07-11,1,道路上,男性,70歳以上,なし,34.666286299999996,135.5558099
323,窃盗,ひったくり,布施,足代北交番,272272,大阪府,東大阪市,足代新町,2018-05-23,2,道路上,男性,50歳代,あり,34.6648393,135.5597195
324,窃盗,ひったくり,布施,永和交番,272272,大阪府,東大阪市,荒川３丁目,2018-06-23,3,道路上,男性,40歳代,あり,34.6609799,135.5712794
325,窃盗,ひったくり,布施,八戸ノ里交番,272272,大阪府,東大阪市,宝持４丁目,2018-05-11,3,道路上,女性,30歳代,なし,34.6560559,135.5918854
326,窃盗,ひったくり,布施,八戸ノ里交番,272272,大阪府,東大阪市,御厨栄町３丁目,2018-10-30,23,道路上,女性,50歳代,あり,34.6686867,135.58428669999998
327,窃盗,ひったくり,布施,大蓮交番,272272,大阪府,東大阪市,大蓮東２丁目,2018-03-28,20,道路上,男性,30歳代,なし,34.637464,135.5829573
328,窃盗,ひったくり,布施,長瀬駅前交番,272272,大阪府,東大阪市,上小阪３丁目,2018-05-08,22,その他,女性,70歳以上,あり,34.6544885,135.58484209999997
329,窃盗,ひったくり,布施,長瀬駅前交番,272272,大阪府,東大阪市,上小阪４丁目,2018-05-15,18,道路上,男性,20歳代,あり,34.6540109,135.5874903
330,窃盗,ひったくり,布施,長瀬駅前交番,272272,大阪府,東大阪市,小若江２丁目,2018-04-29,9,道路上,女性,70歳以上,あり,34.6495112,135.5844909
331,窃盗,ひったくり,布施,長瀬駅前交番,272272,大阪府,東大阪市,菱屋西２丁目,2018-07-13,16,道路上,女性,65-69歳,あり,34.6538041,135.577946
332,窃盗,ひったくり,布施,荒本交番,272272,大阪府,東大阪市,荒本北１丁目,2018-03-24,16,道路上,女性,10歳代,あり,34.6803039,135.5988702
333,窃盗,ひったくり,布施,長田交番,272272,大阪府,東大阪市,長田２丁目,2018-06-28,18,道路上,女性,30歳代,あり,34.676339899999995,135.5901354
334,窃盗,ひったくり,柏原,柏原駅前交番,272213,大阪府,柏原市,今町１丁目,2018-03-30,3,道路上,男性,70歳以上,あり,34.5879376,135.6215717
335,窃盗,ひったくり,枚方,楠葉交番,272108,大阪府,枚方市,楠葉朝日１丁目,2018-04-13,20,道路上,女性,10歳代,なし,34.856462,135.685176
336,窃盗,ひったくり,枚方,楠葉交番,272108,大阪府,枚方市,楠葉朝日１丁目,2018-09-16,19,道路上,女性,50歳代,あり,34.856462,135.685176
337,窃盗,ひったくり,枚方,楠葉交番,272108,大阪府,枚方市,楠葉朝日２丁目,2018-05-16,20,道路上,女性,65-69歳,あり,34.858839,135.68502800000002
338,窃盗,ひったくり,枚方,楠葉交番,272108,大阪府,枚方市,楠葉並木１丁目,2018-05-12,19,道路上,女性,10歳代,あり,34.856471,135.679911
339,窃盗,ひったくり,枚方,楠葉交番,272108,大阪府,枚方市,楠葉並木２丁目,2018-05-16,20,道路上,女性,65-69歳,あり,34.8588052,135.6800178
340,窃盗,ひったくり,枚方,楠葉交番,272108,大阪府,枚方市,楠葉野田１丁目,2018-08-15,0,道路上,女性,50歳代,あり,34.865865,135.68215
341,窃盗,ひったくり,枚方,楠葉交番,272108,大阪府,枚方市,東船橋１丁目,2018-04-13,20,道路上,女性,40歳代,あり,34.85257,135.684483
342,窃盗,ひったくり,枚方,楠葉交番,272108,大阪府,枚方市,東山２丁目,2018-07-18,20,道路上,女性,30歳代,あり,34.848440000000004,135.691373
343,窃盗,ひったくり,枚方,楠葉交番,272108,大阪府,枚方市,東山２丁目,2018-08-12,2,道路上,女性,20歳代,あり,34.848440000000004,135.691373
344,窃盗,ひったくり,枚方,楠葉交番,272108,大阪府,枚方市,船橋本町２丁目,2018-08-11,1,道路上,男性,30歳代,あり,34.852522,135.6827
345,窃盗,ひったくり,枚方,楠葉交番,272108,大阪府,枚方市,町楠葉１丁目,2018-04-20,21,道路上,女性,20歳代,あり,34.864637,135.678235
346,窃盗,ひったくり,枚方,楠葉交番,272108,大阪府,枚方市,南楠葉２丁目,2018-04-21,21,道路上,女性,40歳代,なし,34.864207,135.684522
347,窃盗,ひったくり,枚方,阪交番,272108,大阪府,枚方市,宇山東町,2018-08-14,23,道路上,女性,10歳代,あり,34.841813,135.673274
348,窃盗,ひったくり,枚方,阪交番,272108,大阪府,枚方市,牧野本町１丁目,2018-08-14,0,道路上,女性,40歳代,あり,34.839180999999996,135.67183500000002
349,窃盗,ひったくり,枚方,阪交番,272108,大阪府,枚方市,牧野本町２丁目,2018-05-12,19,道路上,女性,10歳代,あり,34.838904,135.674289
350,窃盗,ひったくり,枚方,阪交番,272108,大阪府,枚方市,養父丘２丁目,2018-08-27,22,道路上,女性,10歳代,あり,34.842383,135.679702
351,窃盗,ひったくり,枚方,渚交番,272108,大阪府,枚方市,上野２丁目,2018-08-04,21,道路上,女性,65-69歳,あり,34.827164,135.6607
352,窃盗,ひったくり,枚方,枚方市駅前交番,272108,大阪府,枚方市,岡本町,2018-03-12,17,道路上,女性,70歳以上,あり,34.815768,135.646429
353,窃盗,ひったくり,枚方,中宮交番,272108,大阪府,枚方市,中宮本町,2018-09-01,22,その他,女性,20歳代,あり,34.819925,135.661486
354,窃盗,ひったくり,枚方,山田交番,272108,大阪府,枚方市,甲斐田東町,2018-10-01,20,道路上,女性,10歳代,あり,34.824634,135.671823
355,窃盗,ひったくり,枚方,山田交番,272108,大阪府,枚方市,北片鉾町,2018-09-16,19,道路上,女性,20歳代,あり,34.835259,135.672218
356,窃盗,ひったくり,枚方,宮之阪交番,272108,大阪府,枚方市,渚南町,2018-09-01,22,道路上,女性,20歳代,あり,34.826184000000005,135.65458600000002
357,窃盗,ひったくり,枚方,川越交番,272108,大阪府,枚方市,茄子作２丁目,2018-07-27,21,道路上,女性,70歳以上,あり,34.786663,135.666745
358,窃盗,ひったくり,枚方,香里ヶ丘交番,272108,大阪府,枚方市,香里ケ丘４丁目,2018-07-10,19,道路上,女性,65-69歳,あり,34.789428,135.65168899999998
359,窃盗,ひったくり,枚方,蹉・交番,272108,大阪府,枚方市,走谷１丁目,2018-01-05,17,道路上,女性,40歳代,あり,34.80211,135.636483
360,窃盗,ひったくり,枚方,北楠葉交番,272108,大阪府,枚方市,南楠葉１丁目,2018-04-20,20,道路上,女性,50歳代,なし,34.86285,135.681579
361,窃盗,ひったくり,寝屋川,寝屋川市駅前交番,272159,大阪府,寝屋川市,桜木町,2018-06-27,0,道路上,女性,65-69歳,あり,34.7698636,135.62125319999998
362,窃盗,ひったくり,寝屋川,寝屋川市駅前交番,272159,大阪府,寝屋川市,清水町,2018-01-03,18,道路上,女性,50歳代,あり,34.758330799999996,135.614714
363,窃盗,ひったくり,寝屋川,高柳交番,272159,大阪府,寝屋川市,池田本町,2018-10-25,22,道路上,男性,30歳代,あり,34.771137100000004,135.6144565
364,窃盗,ひったくり,寝屋川,神田交番,272159,大阪府,寝屋川市,上神田２丁目,2018-10-18,3,道路上,男性,20歳代,あり,34.755801,135.60866830000003
365,窃盗,ひったくり,寝屋川,松屋交番,272159,大阪府,寝屋川市,郡元町,2018-06-10,6,道路上,女性,50歳代,あり,34.7825559,135.6331784
366,窃盗,ひったくり,寝屋川,松屋交番,272159,大阪府,寝屋川市,木屋元町,2018-06-04,21,道路上,女性,10歳代,あり,34.7886997,135.6182224
367,窃盗,ひったくり,四條畷,住道交番,272183,大阪府,大東市,大野１丁目,2018-06-07,20,道路上,男性,65-69歳,あり,34.7049971,135.6166276
368,窃盗,ひったくり,四條畷,楠公交番,272183,大阪府,大東市,明美の里町,2018-03-15,14,道路上,女性,60-64歳,あり,34.7266821,135.6379756
369,窃盗,ひったくり,四條畷,楠公交番,272183,大阪府,大東市,北新町,2018-04-28,23,道路上,女性,20歳代,あり,34.730394,135.63805180000003
370,窃盗,ひったくり,四條畷,楠公交番,272299,大阪府,四條畷市,楠公１丁目,2018-06-03,5,道路上,女性,40歳代,あり,34.733354999999996,135.638307
371,窃盗,ひったくり,四條畷,楠公交番,272299,大阪府,四條畷市,楠公２丁目,2018-01-01,17,道路上,女性,65-69歳,あり,34.733226,135.640669
372,窃盗,ひったくり,四條畷,楠公交番,272299,大阪府,四條畷市,楠公２丁目,2018-04-23,11,道路上,女性,70歳以上,あり,34.733226,135.640669
373,窃盗,ひったくり,四條畷,楠公交番,272299,大阪府,四條畷市,楠公２丁目,2018-04-25,12,道路上,女性,70歳以上,なし,34.733226,135.640669
374,窃盗,ひったくり,四條畷,忍ヶ丘交番,272299,大阪府,四條畷市,岡山１丁目,2018-07-02,21,道路上,女性,20歳代,なし,34.744521,135.64074499999998
375,窃盗,ひったくり,四條畷,新町交番,272183,大阪府,大東市,御供田２丁目,2018-06-13,21,道路上,女性,40歳代,なし,34.705696100000004,135.6288456
376,窃盗,ひったくり,守口,守口駅前交番,272094,大阪府,守口市,寺内町２丁目,2018-05-24,0,道路上,男性,50歳代,あり,34.73444,135.564803
377,窃盗,ひったくり,守口,北寺方交番,272094,大阪府,守口市,南寺方東通１丁目,2018-10-12,9,道路上,女性,20歳代,なし,34.717464,135.570625
378,窃盗,ひったくり,守口,庭窪交番,272094,大阪府,守口市,佐太東町１丁目,2018-01-13,16,道路上,女性,50歳代,あり,34.7537559,135.5864757
379,窃盗,ひったくり,門真,南野口町交番,272230,大阪府,門真市,島頭３丁目,2018-03-29,22,道路上,女性,10歳代,あり,34.7326282,135.6093665
380,窃盗,ひったくり,門真,千石交番,272230,大阪府,門真市,千石西町,2018-06-03,6,道路上,女性,65-69歳,あり,34.7246889,135.60632030000002
381,窃盗,ひったくり,北堺,東浅香山町交番,271462,大阪府,堺市北区,北花田町２丁,2018-06-21,8,道路上,女性,50歳代,あり,34.580784,135.51938
382,窃盗,ひったくり,北堺,浅香山交番,271462,大阪府,堺市北区,中長尾町１丁,2018-05-15,23,道路上,女性,20歳代,なし,34.5736896,135.49708769999998
383,窃盗,ひったくり,北堺,新金岡交番,271462,大阪府,堺市北区,新金岡町４丁,2018-09-18,4,道路上,女性,70歳以上,あり,34.568184,135.519409
384,窃盗,ひったくり,北堺,中百舌鳥交番,271462,大阪府,堺市北区,百舌鳥梅北町３丁,2018-01-31,12,道路上,女性,40歳代,あり,34.559177000000005,135.496241
385,窃盗,ひったくり,北堺,長曽根交番,271462,大阪府,堺市北区,黒土町,2018-01-09,21,道路上,女性,70歳以上,あり,34.567621,135.5024041
386,窃盗,ひったくり,北堺,金田交番,271462,大阪府,堺市北区,金岡町,2018-01-15,17,道路上,女性,65-69歳,あり,34.556915000000004,135.518898
387,窃盗,ひったくり,北堺,金田交番,271462,大阪府,堺市北区,金岡町,2018-01-19,8,道路上,女性,40歳代,あり,34.556915000000004,135.518898
388,窃盗,ひったくり,北堺,金田交番,271462,大阪府,堺市北区,金岡町,2018-09-18,19,道路上,男性,70歳以上,あり,34.556915000000004,135.518898
389,窃盗,ひったくり,北堺,野遠交番,271462,大阪府,堺市北区,南花田町,2018-09-18,20,道路上,女性,40歳代,あり,34.5753301,135.52367619999998
390,窃盗,ひったくり,箕面,牧落交番,272205,大阪府,箕面市,稲２丁目,2018-04-01,18,道路上,女性,40歳代,あり,34.83143885,135.48587583888892
391,窃盗,ひったくり,箕面,桜井交番,272205,大阪府,箕面市,桜４丁目,2018-04-25,21,道路上,女性,10歳代,あり,34.8241264,135.4639381
392,窃盗,ひったくり,豊中南,服部西交番,272035,大阪府,豊中市,服部西町３丁目,2018-07-31,20,道路上,女性,70歳以上,あり,34.7621032,135.469864
393,窃盗,ひったくり,豊中南,服部西交番,272035,大阪府,豊中市,服部本町２丁目,2018-11-12,18,道路上,女性,50歳代,あり,34.765092200000005,135.4783961
394,窃盗,ひったくり,南堺,泉ヶ丘交番,271454,大阪府,堺市南区,茶山台１丁,2018-04-09,8,道路上,女性,70歳以上,あり,34.495333,135.51376100000002
395,窃盗,ひったくり,南堺,泉ヶ丘交番,271454,大阪府,堺市南区,茶山台１丁,2018-11-14,23,道路上,男性,20歳代,あり,34.495333,135.51376100000002
396,窃盗,ひったくり,摂津,三宅交番,272248,大阪府,摂津市,香露園,2018-03-19,13,道路上,女性,30歳代,なし,34.7863551,135.5568162
397,窃盗,ひったくり,摂津,正雀交番,272248,大阪府,摂津市,正雀３丁目,2018-06-10,14,道路上,女性,70歳以上,あり,34.774983500000005,135.55330969999997
398,窃盗,ひったくり,摂津,味生交番,272248,大阪府,摂津市,正雀本町２丁目,2018-02-03,0,道路上,女性,65-69歳,あり,34.77269879999999,135.55082040000002
399,窃盗,ひったくり,交野,倉治交番,272302,大阪府,交野市,青山３丁目,2018-04-19,17,道路上,女性,50歳代,なし,34.790147999999995,135.690997
